{"-8853075343804938450": [[0, 1, 1], [0, 3, 1], [0, 8, 1], [0, 12, 1], [1, 3, 1], [1, 7, 1], [1, 12, 1], [2, 9, 1], [2, 10, 1], [3, 7, 1], [4, 6, 1], [4, 9, 1], [4, 10, 1], [4, 11, 1], [5, 6, 1], [5, 11, 1], [5, 12, 1], [6, 8, 1], [6, 11, 1], [6, 12, 1], [8, 12, 1], [9, 10, 1], [9, 11, 1]], "8217109353482734334": [[0, 2, 1], [0, 4, 1], [0, 9, 1], [0, 12, 1], [1, 3, 1], [1, 5, 1], [1, 10, 1], [2, 4, 1], [2, 8, 1], [2, 10, 1], [2, 12, 1], [3, 5, 1], [3, 8, 1], [3, 10, 1], [4, 8, 1], [6, 7, 1], [6, 11, 1], [6, 12, 1], [7, 9, 1], [7, 11, 1], [7, 12, 1], [8, 10, 1], [9, 12, 1]], "5656844278779923021": [[0, 5, 1], [0, 8, 1], [1, 2, 1], [1, 8, 1], [1, 12, 1], [2, 12, 1], [3, 5, 1], [3, 6, 1], [3, 9, 1], [3, 11, 1], [4, 6, 1], [4, 11, 1], [4, 12, 1], [5, 6, 1], [5, 8, 1], [6, 8, 1], [6, 11, 1], [6, 12, 1], [7, 9, 1], [7, 10, 1], [8, 12, 1], [9, 10, 1], [9, 11, 1], [10, 11, 1]], "43746014552963792": [[0, 2, 1], [0, 8, 1], [0, 12, 1], [1, 4, 1], [1, 5, 1], [1, 9, 1], [2, 12, 1], [3, 6, 1], [3, 9, 1], [3, 10, 1], [3, 11, 1], [4, 9, 1], [4, 10, 1], [5, 9, 1], [6, 7, 1], [6, 11, 1], [6, 12, 1], [7, 8, 1], [7, 11, 1], [7, 12, 1], [8, 12, 1], [9, 10, 1], [10, 11, 1]], "-1077298968621826610": [[0, 3, 1], [0, 6, 1], [1, 3, 1], [1, 4, 1], [1, 7, 1], [1, 8, 1], [1, 9, 1], [1, 10, 1], [2, 4, 1], [2, 5, 1], [2, 10, 1], [2, 11, 1], [3, 4, 1], [3, 6, 1], [3, 8, 1], [4, 6, 1], [4, 10, 1], [4, 11, 1], [5, 11, 1], [6, 11, 1], [7, 9, 1], [7, 10, 1], [8, 9, 1]], "-2389844876896469776": [[0, 4, 1], [0, 8, 1], [0, 10, 1], [1, 2, 1], [1, 8, 1], [1, 12, 1], [2, 6, 1], [2, 9, 1], [2, 12, 1], [3, 5, 1], [3, 6, 1], [3, 11, 1], [3, 12, 1], [4, 5, 1], [4, 7, 1], [4, 8, 1], [4, 10, 1], [5, 8, 1], [5, 11, 1], [5, 12, 1], [6, 9, 1], [6, 12, 1], [7, 10, 1], [8, 12, 1]], "-8891235031534420814": [[0, 2, 1], [0, 5, 1], [1, 3, 1], [1, 8, 1], [1, 9, 1], [1, 10, 1], [1, 11, 1], [2, 5, 1], [2, 8, 1], [2, 9, 1], [3, 4, 1], [3, 10, 1], [3, 12, 1], [4, 6, 1], [4, 10, 1], [4, 12, 1], [5, 7, 1], [5, 9, 1], [6, 12, 1], [7, 9, 1], [7, 10, 1], [8, 9, 1], [8, 11, 1], [9, 10, 1]], "-387465078049532411": [[0, 3, 1], [0, 7, 1], [0, 9, 1], [1, 5, 1], [1, 8, 1], [1, 11, 1], [2, 4, 1], [2, 5, 1], [2, 10, 1], [2, 11, 1], [3, 4, 1], [3, 6, 1], [3, 7, 1], [3, 9, 1], [4, 7, 1], [4, 10, 1], [4, 11, 1], [5, 8, 1], [5, 11, 1], [6, 9, 1], [7, 11, 1]], "-6924254239141256385": [[0, 2, 1], [0, 8, 1], [0, 12, 1], [1, 7, 1], [1, 9, 1], [1, 10, 1], [2, 6, 1], [2, 10, 1], [2, 12, 1], [3, 5, 1], [3, 6, 1], [3, 11, 1], [3, 12, 1], [4, 7, 1], [4, 9, 1], [5, 8, 1], [5, 11, 1], [5, 12, 1], [6, 9, 1], [6, 10, 1], [6, 12, 1], [7, 9, 1], [8, 12, 1], [9, 10, 1]], "-4935937866377307076": [[0, 6, 1], [0, 8, 1], [1, 2, 1], [1, 8, 1], [1, 12, 1], [2, 12, 1], [3, 5, 1], [3, 10, 1], [3, 11, 1], [4, 6, 1], [4, 7, 1], [4, 9, 1], [4, 11, 1], [5, 7, 1], [5, 11, 1], [5, 12, 1], [6, 7, 1], [6, 8, 1], [7, 8, 1], [7, 11, 1], [7, 12, 1], [8, 12, 1], [9, 10, 1], [9, 11, 1], [10, 11, 1]], "-7395943709547323703": [[0, 2, 1], [0, 4, 1], [0, 7, 1], [0, 10, 1], [0, 11, 1], [1, 3, 1], [1, 5, 1], [1, 8, 1], [1, 9, 1], [1, 10, 1], [2, 4, 1], [2, 5, 1], [2, 10, 1], [2, 12, 1], [3, 5, 1], [3, 6, 1], [3, 8, 1], [4, 11, 1], [5, 6, 1], [5, 10, 1], [5, 12, 1], [6, 12, 1], [7, 11, 1], [8, 9, 1]], "4303791456274855220": [[0, 1, 1], [0, 3, 1], [0, 7, 1], [1, 4, 1], [1, 7, 1], [2, 5, 1], [2, 9, 1], [2, 10, 1], [2, 11, 1], [3, 7, 1], [3, 9, 1], [3, 10, 1], [4, 7, 1], [5, 6, 1], [5, 11, 1], [5, 12, 1], [6, 8, 1], [6, 11, 1], [6, 12, 1], [7, 10, 1], [8, 12, 1], [9, 10, 1], [10, 11, 1]], "868073829826740682": [[0, 2, 1], [0, 7, 1], [0, 9, 1], [0, 10, 1], [0, 11, 1], [1, 4, 1], [1, 5, 1], [1, 8, 1], [1, 10, 1], [2, 5, 1], [2, 10, 1], [2, 12, 1], [3, 4, 1], [3, 8, 1], [4, 5, 1], [4, 6, 1], [4, 8, 1], [5, 6, 1], [5, 10, 1], [5, 12, 1], [6, 12, 1], [7, 9, 1], [7, 11, 1], [9, 10, 1]], "7255649019760775476": [[0, 1, 1], [0, 3, 1], [0, 7, 1], [0, 12, 1], [1, 3, 1], [1, 6, 1], [1, 9, 1], [1, 12, 1], [2, 6, 1], [2, 9, 1], [2, 10, 1], [3, 6, 1], [3, 8, 1], [4, 5, 1], [4, 11, 1], [4, 12, 1], [5, 7, 1], [5, 11, 1], [5, 12, 1], [6, 8, 1], [6, 9, 1], [6, 10, 1], [7, 12, 1], [8, 10, 1]], "800276705342706005": [[0, 5, 1], [0, 9, 1], [1, 7, 1], [1, 8, 1], [1, 10, 1], [2, 4, 1], [2, 8, 1], [2, 10, 1], [2, 11, 1], [3, 4, 1], [3, 11, 1], [3, 12, 1], [4, 6, 1], [4, 11, 1], [4, 12, 1], [5, 7, 1], [5, 9, 1], [6, 12, 1], [7, 9, 1], [7, 10, 1], [8, 10, 1], [8, 11, 1], [9, 10, 1]], "570592087700253385": [[0, 3, 1], [0, 6, 1], [0, 8, 1], [0, 10, 1], [0, 11, 1], [1, 3, 1], [1, 11, 1], [1, 12, 1], [2, 7, 1], [2, 8, 1], [3, 5, 1], [3, 11, 1], [3, 12, 1], [4, 6, 1], [4, 9, 1], [5, 12, 1], [6, 9, 1], [6, 10, 1], [6, 11, 1], [7, 8, 1], [7, 10, 1], [8, 10, 1], [9, 11, 1]], "-202509303858187901": [[0, 2, 1], [0, 3, 1], [0, 7, 1], [0, 10, 1], [0, 11, 1], [1, 4, 1], [1, 6, 1], [1, 8, 1], [1, 9, 1], [1, 10, 1], [2, 3, 1], [2, 4, 1], [2, 10, 1], [2, 12, 1], [3, 11, 1], [4, 5, 1], [4, 10, 1], [4, 12, 1], [5, 12, 1], [6, 9, 1], [6, 10, 1], [7, 11, 1], [8, 9, 1]], "-7053708930590495632": [[0, 2, 1], [0, 4, 1], [0, 8, 1], [0, 9, 1], [0, 10, 1], [1, 3, 1], [1, 4, 1], [1, 5, 1], [1, 10, 1], [1, 11, 1], [2, 4, 1], [2, 6, 1], [2, 8, 1], [3, 5, 1], [3, 7, 1], [4, 6, 1], [4, 10, 1], [4, 11, 1], [5, 7, 1], [5, 11, 1], [6, 11, 1], [8, 9, 1]], "-3004447445618879015": [[0, 6, 1], [0, 8, 1], [0, 11, 1], [1, 3, 1], [1, 9, 1], [1, 10, 1], [2, 4, 1], [2, 5, 1], [2, 10, 1], [3, 5, 1], [3, 6, 1], [3, 10, 1], [3, 11, 1], [4, 5, 1], [4, 7, 1], [5, 7, 1], [5, 10, 1], [5, 11, 1], [6, 8, 1], [6, 11, 1], [7, 11, 1], [9, 10, 1]], "-3238434789326740558": [[0, 1, 1], [0, 3, 1], [0, 8, 1], [0, 10, 1], [0, 12, 1], [1, 3, 1], [1, 7, 1], [1, 12, 1], [2, 4, 1], [2, 5, 1], [2, 11, 1], [3, 10, 1], [4, 5, 1], [4, 6, 1], [4, 7, 1], [4, 11, 1], [4, 12, 1], [5, 7, 1], [5, 9, 1], [6, 8, 1], [6, 11, 1], [6, 12, 1], [7, 9, 1], [7, 12, 1], [8, 12, 1]], "6205862209639939221": [[0, 5, 1], [0, 8, 1], [0, 11, 1], [1, 7, 1], [1, 9, 1], [2, 4, 1], [2, 7, 1], [2, 9, 1], [2, 10, 1], [3, 4, 1], [3, 5, 1], [3, 10, 1], [3, 11, 1], [4, 6, 1], [4, 10, 1], [4, 11, 1], [5, 8, 1], [5, 11, 1], [6, 11, 1], [7, 9, 1], [7, 10, 1]], "1462471008884540195": [[0, 7, 1], [0, 9, 1], [0, 10, 1], [1, 2, 1], [1, 4, 1], [1, 11, 1], [2, 4, 1], [2, 5, 1], [2, 6, 1], [2, 11, 1], [2, 12, 1], [3, 4, 1], [3, 7, 1], [3, 9, 1], [4, 6, 1], [4, 9, 1], [5, 8, 1], [5, 11, 1], [5, 12, 1], [6, 9, 1], [6, 10, 1], [6, 12, 1], [7, 9, 1], [8, 12, 1], [9, 10, 1]], "-3891983641935407728": [[0, 2, 1], [0, 6, 1], [1, 3, 1], [1, 7, 1], [1, 9, 1], [1, 10, 1], [1, 11, 1], [2, 6, 1], [2, 7, 1], [2, 8, 1], [2, 11, 1], [3, 4, 1], [3, 10, 1], [3, 12, 1], [4, 5, 1], [4, 10, 1], [4, 12, 1], [5, 12, 1], [6, 8, 1], [7, 9, 1], [7, 11, 1], [8, 11, 1], [9, 10, 1]], "-3404382583159558769": [[0, 1, 1], [0, 6, 1], [0, 12, 1], [1, 12, 1], [2, 4, 1], [2, 7, 1], [2, 8, 1], [2, 10, 1], [2, 11, 1], [3, 4, 1], [3, 11, 1], [3, 12, 1], [4, 6, 1], [4, 11, 1], [4, 12, 1], [5, 7, 1], [5, 9, 1], [6, 12, 1], [7, 9, 1], [7, 10, 1], [7, 11, 1], [8, 10, 1], [9, 11, 1]], "7610597310273123234": [[0, 3, 1], [0, 7, 1], [0, 9, 1], [1, 2, 1], [1, 4, 1], [1, 10, 1], [2, 4, 1], [2, 5, 1], [2, 6, 1], [2, 10, 1], [2, 11, 1], [3, 5, 1], [3, 7, 1], [3, 8, 1], [3, 9, 1], [4, 6, 1], [5, 7, 1], [5, 10, 1], [5, 11, 1], [6, 11, 1], [7, 11, 1], [8, 9, 1]], "6153626111625310552": [[0, 2, 1], [0, 3, 1], [0, 7, 1], [0, 8, 1], [0, 9, 1], [0, 10, 1], [1, 4, 1], [1, 6, 1], [1, 9, 1], [2, 3, 1], [2, 4, 1], [2, 9, 1], [2, 11, 1], [3, 10, 1], [4, 5, 1], [4, 9, 1], [4, 11, 1], [5, 11, 1], [6, 8, 1], [6, 9, 1], [7, 8, 1], [7, 10, 1], [8, 9, 1]], "8914158664042147970": [[0, 3, 1], [0, 8, 1], [0, 10, 1], [1, 5, 1], [1, 7, 1], [1, 9, 1], [2, 4, 1], [2, 7, 1], [2, 9, 1], [2, 10, 1], [3, 4, 1], [3, 10, 1], [3, 11, 1], [4, 6, 1], [4, 10, 1], [4, 11, 1], [5, 7, 1], [5, 8, 1], [6, 11, 1], [7, 8, 1], [7, 9, 1], [7, 10, 1], [8, 10, 1]], "-8786021223385766733": [[0, 3, 1], [0, 4, 1], [0, 7, 1], [1, 2, 1], [1, 5, 1], [1, 9, 1], [1, 10, 1], [2, 5, 1], [2, 6, 1], [2, 10, 1], [2, 11, 1], [3, 4, 1], [3, 8, 1], [4, 6, 1], [4, 7, 1], [4, 8, 1], [6, 7, 1], [6, 10, 1], [6, 11, 1], [7, 11, 1], [9, 10, 1]], "-3774983012617281546": [[0, 8, 1], [0, 9, 1], [1, 3, 1], [1, 5, 1], [1, 10, 1], [2, 4, 1], [2, 5, 1], [2, 6, 1], [2, 10, 1], [2, 11, 1], [3, 5, 1], [3, 7, 1], [4, 6, 1], [4, 8, 1], [5, 7, 1], [5, 10, 1], [5, 11, 1], [6, 8, 1], [6, 9, 1], [6, 11, 1], [7, 11, 1], [8, 9, 1]], "6244197207810107164": [[0, 2, 1], [0, 6, 1], [0, 9, 1], [1, 3, 1], [1, 4, 1], [1, 5, 1], [1, 10, 1], [1, 11, 1], [2, 4, 1], [2, 6, 1], [2, 8, 1], [2, 9, 1], [3, 5, 1], [3, 7, 1], [4, 6, 1], [4, 10, 1], [4, 11, 1], [5, 7, 1], [5, 11, 1], [6, 11, 1], [8, 9, 1]], "121982818067128138": [[0, 2, 1], [0, 4, 1], [0, 10, 1], [0, 11, 1], [1, 9, 1], [1, 11, 1], [2, 4, 1], [2, 5, 1], [2, 10, 1], [2, 12, 1], [3, 4, 1], [3, 6, 1], [3, 8, 1], [3, 9, 1], [3, 11, 1], [4, 8, 1], [4, 11, 1], [5, 7, 1], [5, 10, 1], [5, 12, 1], [6, 8, 1], [7, 12, 1], [9, 11, 1]], "6405805182170736278": [[0, 1, 1], [0, 3, 1], [0, 9, 1], [0, 10, 1], [0, 11, 1], [1, 3, 1], [1, 4, 1], [1, 5, 1], [1, 10, 1], [1, 12, 1], [2, 3, 1], [2, 6, 1], [2, 8, 1], [2, 11, 1], [3, 5, 1], [3, 8, 1], [3, 11, 1], [4, 7, 1], [4, 10, 1], [4, 12, 1], [5, 8, 1], [5, 12, 1], [6, 8, 1], [7, 12, 1], [9, 11, 1]], "7778565036349310644": [[0, 1, 1], [0, 7, 1], [0, 12, 1], [1, 5, 1], [1, 9, 1], [1, 12, 1], [2, 4, 1], [2, 6, 1], [2, 8, 1], [2, 10, 1], [2, 11, 1], [3, 4, 1], [3, 5, 1], [3, 11, 1], [3, 12, 1], [4, 7, 1], [4, 11, 1], [4, 12, 1], [5, 9, 1], [5, 12, 1], [6, 10, 1], [7, 12, 1], [8, 10, 1], [8, 11, 1]], "-4241599528106610838": [[0, 2, 1], [0, 4, 1], [0, 8, 1], [0, 9, 1], [1, 3, 1], [1, 4, 1], [1, 5, 1], [1, 9, 1], [1, 10, 1], [2, 4, 1], [2, 6, 1], [3, 5, 1], [3, 7, 1], [4, 6, 1], [4, 9, 1], [4, 10, 1], [5, 7, 1], [5, 10, 1], [6, 10, 1], [8, 9, 1]], "-7788703455155622052": [[0, 1, 1], [0, 2, 1], [0, 3, 1], [0, 9, 1], [1, 3, 1], [1, 9, 1], [1, 11, 1], [2, 3, 1], [4, 6, 1], [4, 9, 1], [4, 11, 1], [5, 6, 1], [5, 7, 1], [5, 8, 1], [5, 12, 1], [6, 8, 1], [6, 11, 1], [7, 10, 1], [7, 12, 1], [8, 11, 1], [8, 12, 1], [9, 11, 1], [10, 12, 1]], "-3936447916756558771": [[0, 1, 1], [0, 7, 1], [0, 11, 1], [1, 11, 1], [2, 3, 1], [2, 5, 1], [2, 8, 1], [2, 9, 1], [2, 10, 1], [3, 5, 1], [3, 6, 1], [3, 9, 1], [3, 11, 1], [4, 5, 1], [4, 10, 1], [5, 10, 1], [6, 7, 1], [6, 9, 1], [6, 11, 1], [7, 11, 1], [8, 9, 1]], "-495304743834379173": [[0, 1, 1], [0, 7, 1], [0, 12, 1], [1, 12, 1], [2, 5, 1], [2, 6, 1], [2, 9, 1], [2, 10, 1], [2, 11, 1], [3, 6, 1], [3, 11, 1], [3, 12, 1], [4, 8, 1], [4, 9, 1], [5, 6, 1], [5, 7, 1], [5, 9, 1], [6, 7, 1], [6, 11, 1], [6, 12, 1], [7, 12, 1], [8, 9, 1], [8, 10, 1], [9, 10, 1]], "-1082974247031010798": [[0, 2, 1], [0, 6, 1], [0, 8, 1], [0, 10, 1], [1, 3, 1], [1, 8, 1], [1, 12, 1], [2, 9, 1], [2, 10, 1], [3, 12, 1], [4, 7, 1], [4, 11, 1], [4, 12, 1], [5, 9, 1], [5, 10, 1], [6, 7, 1], [6, 8, 1], [6, 10, 1], [7, 8, 1], [7, 11, 1], [7, 12, 1], [8, 12, 1], [9, 10, 1]], "-1608865672707044193": [[0, 2, 1], [0, 3, 1], [0, 8, 1], [0, 9, 1], [1, 6, 1], [1, 9, 1], [1, 11, 1], [2, 3, 1], [2, 9, 1], [4, 5, 1], [4, 6, 1], [4, 10, 1], [4, 11, 1], [5, 7, 1], [5, 10, 1], [5, 11, 1], [6, 8, 1], [6, 9, 1], [6, 11, 1], [7, 11, 1], [8, 9, 1]], "-6165281309126197800": [[0, 2, 1], [0, 6, 1], [0, 7, 1], [0, 9, 1], [0, 11, 1], [1, 3, 1], [1, 4, 1], [1, 10, 1], [2, 7, 1], [3, 4, 1], [3, 5, 1], [3, 6, 1], [3, 10, 1], [3, 11, 1], [4, 6, 1], [5, 8, 1], [5, 10, 1], [5, 11, 1], [6, 9, 1], [6, 11, 1], [7, 9, 1], [8, 11, 1]], "-6777406195849815420": [[0, 1, 1], [0, 3, 1], [0, 8, 1], [1, 3, 1], [1, 7, 1], [2, 4, 1], [2, 8, 1], [2, 9, 1], [2, 10, 1], [2, 11, 1], [3, 7, 1], [3, 8, 1], [3, 11, 1], [4, 5, 1], [4, 10, 1], [4, 12, 1], [5, 6, 1], [5, 10, 1], [5, 12, 1], [6, 12, 1], [8, 9, 1], [8, 11, 1], [9, 10, 1]], "-4397739552938900388": [[0, 5, 1], [0, 8, 1], [1, 3, 1], [1, 4, 1], [1, 9, 1], [1, 10, 1], [1, 11, 1], [2, 4, 1], [2, 11, 1], [2, 12, 1], [3, 4, 1], [3, 6, 1], [3, 9, 1], [4, 6, 1], [4, 11, 1], [4, 12, 1], [5, 7, 1], [5, 8, 1], [6, 12, 1], [7, 8, 1], [7, 10, 1], [8, 9, 1], [8, 10, 1], [9, 10, 1]], "8668736379463049001": [[0, 1, 1], [0, 8, 1], [0, 11, 1], [1, 11, 1], [2, 4, 1], [2, 6, 1], [2, 10, 1], [3, 5, 1], [3, 7, 1], [3, 9, 1], [3, 10, 1], [4, 6, 1], [4, 7, 1], [4, 10, 1], [4, 11, 1], [5, 7, 1], [5, 8, 1], [7, 8, 1], [7, 10, 1], [7, 11, 1], [8, 11, 1], [9, 10, 1]], "5133631157591440574": [[0, 1, 1], [0, 3, 1], [0, 8, 1], [0, 9, 1], [0, 10, 1], [1, 3, 1], [1, 4, 1], [1, 5, 1], [1, 9, 1], [1, 11, 1], [2, 3, 1], [2, 7, 1], [2, 10, 1], [3, 5, 1], [3, 7, 1], [3, 10, 1], [4, 6, 1], [4, 9, 1], [4, 11, 1], [5, 7, 1], [5, 11, 1], [6, 11, 1], [8, 10, 1]], "-914228166315037968": [[0, 1, 1], [0, 3, 1], [0, 8, 1], [0, 12, 1], [1, 3, 1], [1, 6, 1], [1, 7, 1], [1, 9, 1], [1, 12, 1], [2, 4, 1], [2, 10, 1], [2, 11, 1], [3, 7, 1], [4, 5, 1], [4, 6, 1], [4, 11, 1], [4, 12, 1], [5, 8, 1], [5, 11, 1], [5, 12, 1], [6, 9, 1], [6, 12, 1], [7, 9, 1], [8, 12, 1], [10, 11, 1]], "3994216229925806610": [[0, 2, 1], [0, 9, 1], [0, 11, 1], [1, 4, 1], [1, 5, 1], [1, 8, 1], [1, 10, 1], [1, 11, 1], [2, 5, 1], [2, 11, 1], [2, 12, 1], [3, 7, 1], [3, 8, 1], [4, 5, 1], [4, 6, 1], [4, 8, 1], [5, 6, 1], [5, 11, 1], [5, 12, 1], [6, 12, 1], [7, 8, 1], [7, 10, 1], [8, 10, 1], [9, 11, 1]], "-4180958578123928725": [[0, 1, 1], [0, 3, 1], [0, 9, 1], [0, 12, 1], [1, 3, 1], [1, 7, 1], [1, 8, 1], [1, 10, 1], [1, 12, 1], [2, 4, 1], [2, 5, 1], [2, 11, 1], [3, 8, 1], [4, 5, 1], [4, 6, 1], [4, 7, 1], [4, 11, 1], [4, 12, 1], [5, 7, 1], [6, 9, 1], [6, 11, 1], [6, 12, 1], [7, 10, 1], [7, 12, 1], [8, 10, 1], [9, 12, 1]], "611040738048798730": [[0, 4, 1], [0, 7, 1], [1, 3, 1], [1, 5, 1], [1, 11, 1], [2, 4, 1], [2, 6, 1], [2, 8, 1], [2, 9, 1], [2, 10, 1], [2, 11, 1], [3, 5, 1], [3, 6, 1], [3, 11, 1], [3, 12, 1], [4, 6, 1], [4, 7, 1], [4, 9, 1], [6, 7, 1], [6, 11, 1], [6, 12, 1], [7, 12, 1], [8, 10, 1], [8, 11, 1], [9, 10, 1]], "-3638770255977209692": [[0, 2, 1], [0, 7, 1], [1, 3, 1], [1, 4, 1], [1, 7, 1], [1, 8, 1], [1, 9, 1], [1, 10, 1], [2, 7, 1], [2, 10, 1], [3, 4, 1], [3, 5, 1], [3, 9, 1], [3, 11, 1], [4, 10, 1], [5, 6, 1], [5, 9, 1], [5, 11, 1], [6, 11, 1], [7, 8, 1], [7, 10, 1], [8, 9, 1]], "3838580510244256027": [[0, 1, 1], [0, 7, 1], [0, 12, 1], [1, 5, 1], [1, 9, 1], [1, 12, 1], [2, 4, 1], [2, 8, 1], [2, 11, 1], [3, 4, 1], [3, 5, 1], [3, 11, 1], [3, 12, 1], [4, 7, 1], [4, 11, 1], [4, 12, 1], [5, 9, 1], [5, 12, 1], [6, 8, 1], [6, 10, 1], [7, 12, 1], [8, 10, 1], [8, 11, 1], [10, 11, 1]], "5317024861267495770": [[0, 2, 1], [0, 4, 1], [0, 8, 1], [0, 10, 1], [1, 3, 1], [1, 5, 1], [1, 7, 1], [1, 9, 1], [1, 10, 1], [2, 4, 1], [2, 5, 1], [2, 10, 1], [2, 11, 1], [3, 5, 1], [3, 6, 1], [3, 7, 1], [5, 6, 1], [5, 10, 1], [5, 11, 1], [6, 11, 1], [7, 9, 1], [8, 10, 1]], "3466981070912043665": [[0, 1, 1], [0, 8, 1], [0, 12, 1], [1, 12, 1], [2, 3, 1], [2, 5, 1], [2, 10, 1], [2, 11, 1], [3, 5, 1], [3, 6, 1], [3, 10, 1], [3, 12, 1], [4, 5, 1], [4, 7, 1], [4, 9, 1], [4, 11, 1], [5, 9, 1], [5, 11, 1], [6, 8, 1], [6, 10, 1], [6, 12, 1], [7, 9, 1], [8, 12, 1]], "1237785902738014180": [[0, 1, 1], [0, 3, 1], [0, 9, 1], [0, 12, 1], [1, 3, 1], [1, 8, 1], [1, 12, 1], [2, 4, 1], [2, 6, 1], [2, 10, 1], [2, 11, 1], [3, 8, 1], [4, 6, 1], [4, 7, 1], [4, 10, 1], [4, 12, 1], [5, 6, 1], [5, 11, 1], [6, 11, 1], [7, 9, 1], [7, 10, 1], [7, 12, 1], [9, 12, 1]], "-5882408407571605488": [[0, 2, 1], [0, 7, 1], [1, 4, 1], [1, 10, 1], [1, 11, 1], [2, 7, 1], [2, 10, 1], [3, 5, 1], [3, 6, 1], [3, 9, 1], [3, 11, 1], [4, 6, 1], [4, 11, 1], [4, 12, 1], [5, 6, 1], [5, 8, 1], [6, 8, 1], [6, 11, 1], [6, 12, 1], [7, 9, 1], [7, 10, 1], [8, 12, 1], [9, 10, 1], [9, 11, 1], [10, 11, 1]], "3685696833924606788": [[0, 3, 1], [0, 7, 1], [1, 2, 1], [1, 4, 1], [1, 9, 1], [2, 4, 1], [2, 5, 1], [2, 6, 1], [2, 9, 1], [2, 10, 1], [3, 5, 1], [3, 7, 1], [4, 6, 1], [4, 8, 1], [5, 7, 1], [5, 9, 1], [5, 10, 1], [6, 8, 1], [6, 10, 1], [7, 10, 1]], "-8527589679459027392": [[0, 2, 1], [0, 3, 1], [0, 8, 1], [0, 9, 1], [0, 10, 1], [1, 5, 1], [1, 8, 1], [1, 9, 1], [2, 3, 1], [2, 4, 1], [2, 10, 1], [2, 11, 1], [4, 6, 1], [4, 10, 1], [4, 11, 1], [5, 7, 1], [5, 9, 1], [6, 11, 1], [7, 9, 1], [7, 10, 1], [8, 9, 1], [9, 10, 1]], "-6842222452014928188": [[0, 1, 1], [0, 7, 1], [1, 7, 1], [1, 8, 1], [1, 9, 1], [2, 4, 1], [2, 5, 1], [2, 8, 1], [2, 9, 1], [2, 10, 1], [3, 5, 1], [3, 10, 1], [3, 11, 1], [4, 5, 1], [4, 6, 1], [5, 6, 1], [5, 10, 1], [5, 11, 1], [6, 11, 1], [7, 9, 1], [8, 9, 1], [8, 10, 1]], "-695515303510172990": [[0, 2, 1], [0, 6, 1], [0, 8, 1], [0, 9, 1], [0, 10, 1], [1, 6, 1], [1, 7, 1], [1, 10, 1], [2, 3, 1], [2, 4, 1], [2, 9, 1], [2, 11, 1], [3, 5, 1], [3, 9, 1], [3, 11, 1], [4, 11, 1], [5, 11, 1], [6, 8, 1], [6, 10, 1], [7, 10, 1], [8, 9, 1]], "-8522247728791329819": [[0, 3, 1], [0, 7, 1], [1, 3, 1], [1, 4, 1], [1, 9, 1], [2, 5, 1], [2, 9, 1], [2, 10, 1], [2, 11, 1], [3, 7, 1], [3, 9, 1], [3, 10, 1], [4, 9, 1], [5, 6, 1], [5, 11, 1], [5, 12, 1], [6, 8, 1], [6, 11, 1], [6, 12, 1], [7, 10, 1], [8, 12, 1], [9, 10, 1], [10, 11, 1]], "337257247904103037": [[0, 2, 1], [0, 7, 1], [0, 8, 1], [1, 3, 1], [1, 8, 1], [1, 9, 1], [1, 10, 1], [2, 7, 1], [2, 8, 1], [2, 9, 1], [3, 4, 1], [3, 5, 1], [3, 10, 1], [3, 11, 1], [4, 6, 1], [4, 10, 1], [4, 11, 1], [5, 11, 1], [6, 11, 1], [8, 9, 1], [9, 10, 1]], "5131113893963958986": [[0, 7, 1], [0, 9, 1], [1, 5, 1], [1, 9, 1], [1, 11, 1], [2, 4, 1], [2, 8, 1], [2, 10, 1], [3, 4, 1], [3, 5, 1], [3, 10, 1], [3, 11, 1], [4, 6, 1], [4, 10, 1], [4, 11, 1], [5, 7, 1], [5, 9, 1], [5, 11, 1], [6, 11, 1], [7, 9, 1], [8, 10, 1]], "-6856664071722323878": [[0, 1, 1], [0, 4, 1], [0, 7, 1], [0, 9, 1], [1, 9, 1], [2, 4, 1], [2, 5, 1], [2, 8, 1], [2, 10, 1], [3, 5, 1], [3, 6, 1], [3, 10, 1], [3, 11, 1], [4, 5, 1], [4, 7, 1], [4, 9, 1], [5, 7, 1], [5, 10, 1], [5, 11, 1], [6, 11, 1], [7, 11, 1], [8, 10, 1]], "4690614613334887994": [[0, 7, 1], [0, 8, 1], [0, 10, 1], [1, 4, 1], [1, 8, 1], [1, 10, 1], [1, 11, 1], [2, 4, 1], [2, 11, 1], [2, 12, 1], [3, 5, 1], [3, 7, 1], [4, 6, 1], [4, 11, 1], [4, 12, 1], [5, 7, 1], [5, 9, 1], [6, 12, 1], [7, 9, 1], [7, 10, 1], [8, 10, 1], [8, 11, 1], [9, 10, 1]], "-3577584293483389969": [[0, 2, 1], [0, 8, 1], [0, 12, 1], [1, 4, 1], [1, 7, 1], [2, 12, 1], [3, 5, 1], [3, 10, 1], [3, 11, 1], [4, 7, 1], [4, 10, 1], [5, 6, 1], [5, 11, 1], [5, 12, 1], [6, 8, 1], [6, 11, 1], [6, 12, 1], [7, 9, 1], [7, 10, 1], [8, 12, 1], [9, 10, 1], [9, 11, 1], [10, 11, 1]], "6149524503160996822": [[0, 3, 1], [0, 8, 1], [0, 9, 1], [0, 10, 1], [1, 8, 1], [1, 9, 1], [2, 4, 1], [2, 5, 1], [2, 10, 1], [3, 5, 1], [3, 6, 1], [3, 10, 1], [3, 11, 1], [4, 5, 1], [4, 7, 1], [5, 7, 1], [5, 10, 1], [5, 11, 1], [6, 11, 1], [7, 11, 1], [8, 9, 1], [9, 10, 1]], "-957748318682664479": [[0, 7, 1], [0, 9, 1], [1, 4, 1], [1, 8, 1], [1, 10, 1], [2, 3, 1], [2, 4, 1], [2, 5, 1], [2, 10, 1], [2, 11, 1], [3, 5, 1], [3, 7, 1], [4, 6, 1], [4, 10, 1], [4, 11, 1], [5, 7, 1], [5, 9, 1], [5, 11, 1], [6, 11, 1], [7, 9, 1], [8, 10, 1]], "296413556010411958": [[0, 3, 1], [0, 8, 1], [0, 9, 1], [0, 10, 1], [1, 5, 1], [1, 8, 1], [1, 9, 1], [2, 4, 1], [2, 7, 1], [2, 10, 1], [3, 4, 1], [3, 10, 1], [3, 11, 1], [4, 6, 1], [4, 10, 1], [4, 11, 1], [5, 7, 1], [5, 9, 1], [6, 11, 1], [7, 9, 1], [7, 10, 1], [8, 9, 1], [9, 10, 1]], "-1011657191001815463": [[0, 2, 1], [0, 3, 1], [0, 9, 1], [1, 4, 1], [1, 9, 1], [1, 10, 1], [1, 11, 1], [2, 6, 1], [2, 9, 1], [2, 10, 1], [3, 9, 1], [4, 5, 1], [4, 11, 1], [4, 12, 1], [5, 7, 1], [5, 11, 1], [5, 12, 1], [6, 8, 1], [6, 10, 1], [7, 12, 1], [8, 10, 1], [8, 11, 1], [9, 10, 1], [10, 11, 1]], "7768180763948934377": [[0, 5, 1], [0, 8, 1], [1, 3, 1], [1, 8, 1], [1, 12, 1], [2, 9, 1], [2, 10, 1], [3, 7, 1], [3, 10, 1], [3, 12, 1], [4, 6, 1], [4, 7, 1], [4, 11, 1], [4, 12, 1], [5, 6, 1], [5, 8, 1], [6, 8, 1], [6, 11, 1], [6, 12, 1], [7, 9, 1], [7, 10, 1], [7, 12, 1], [8, 12, 1], [9, 10, 1]], "-3053484084731536595": [[0, 4, 1], [0, 8, 1], [1, 9, 1], [1, 10, 1], [2, 3, 1], [2, 5, 1], [2, 11, 1], [3, 5, 1], [3, 6, 1], [3, 7, 1], [3, 11, 1], [3, 12, 1], [4, 6, 1], [4, 8, 1], [5, 7, 1], [5, 9, 1], [6, 8, 1], [6, 11, 1], [6, 12, 1], [7, 9, 1], [7, 10, 1], [7, 12, 1], [8, 12, 1], [9, 10, 1]], "8717138976866835107": [[0, 3, 1], [0, 6, 1], [0, 8, 1], [1, 3, 1], [1, 8, 1], [1, 9, 1], [2, 4, 1], [2, 9, 1], [2, 10, 1], [2, 11, 1], [3, 6, 1], [3, 8, 1], [3, 9, 1], [3, 10, 1], [4, 5, 1], [4, 11, 1], [4, 12, 1], [5, 7, 1], [5, 11, 1], [5, 12, 1], [6, 10, 1], [7, 12, 1], [9, 10, 1], [10, 11, 1]], "3355211753963977035": [[0, 1, 1], [0, 2, 1], [0, 6, 1], [0, 7, 1], [0, 8, 1], [0, 9, 1], [1, 2, 1], [1, 3, 1], [1, 4, 1], [1, 8, 1], [1, 10, 1], [2, 4, 1], [2, 9, 1], [3, 5, 1], [3, 8, 1], [3, 10, 1], [4, 10, 1], [5, 10, 1], [6, 7, 1], [6, 9, 1], [7, 8, 1]], "1508386153209318642": [[0, 1, 1], [0, 3, 1], [0, 8, 1], [0, 12, 1], [1, 3, 1], [1, 7, 1], [1, 12, 1], [2, 4, 1], [2, 5, 1], [2, 9, 1], [2, 10, 1], [2, 11, 1], [3, 7, 1], [4, 5, 1], [4, 6, 1], [4, 10, 1], [4, 12, 1], [5, 11, 1], [6, 8, 1], [6, 10, 1], [6, 12, 1], [8, 12, 1], [9, 11, 1]], "8915449944100640560": [[0, 5, 1], [0, 8, 1], [0, 10, 1], [1, 2, 1], [1, 3, 1], [1, 8, 1], [1, 12, 1], [2, 3, 1], [2, 7, 1], [2, 12, 1], [3, 7, 1], [4, 6, 1], [4, 11, 1], [4, 12, 1], [5, 6, 1], [5, 8, 1], [5, 9, 1], [5, 10, 1], [6, 8, 1], [6, 11, 1], [6, 12, 1], [8, 12, 1], [9, 10, 1]], "3799414642764915671": [[0, 3, 1], [0, 7, 1], [0, 9, 1], [0, 11, 1], [1, 7, 1], [1, 9, 1], [2, 4, 1], [2, 6, 1], [2, 8, 1], [2, 10, 1], [2, 11, 1], [3, 4, 1], [3, 11, 1], [3, 12, 1], [4, 5, 1], [4, 11, 1], [4, 12, 1], [5, 12, 1], [6, 9, 1], [6, 10, 1], [6, 11, 1], [7, 9, 1], [8, 10, 1], [9, 11, 1]], "-2333764465352398355": [[0, 1, 1], [0, 8, 1], [0, 12, 1], [1, 6, 1], [1, 7, 1], [1, 10, 1], [1, 12, 1], [2, 7, 1], [2, 10, 1], [3, 4, 1], [3, 5, 1], [3, 6, 1], [3, 11, 1], [3, 12, 1], [4, 6, 1], [4, 9, 1], [5, 8, 1], [5, 11, 1], [5, 12, 1], [6, 9, 1], [6, 10, 1], [6, 12, 1], [7, 10, 1], [8, 12, 1], [9, 10, 1]], "1789937028211651701": [[0, 2, 1], [0, 3, 1], [0, 8, 1], [0, 9, 1], [1, 4, 1], [1, 7, 1], [1, 9, 1], [2, 3, 1], [2, 4, 1], [2, 5, 1], [2, 9, 1], [2, 10, 1], [3, 5, 1], [4, 6, 1], [4, 9, 1], [4, 10, 1], [5, 10, 1], [6, 10, 1], [7, 8, 1], [7, 9, 1], [8, 9, 1]], "-5536798009277333389": [[0, 1, 1], [0, 2, 1], [0, 8, 1], [0, 9, 1], [1, 8, 1], [1, 11, 1], [2, 8, 1], [2, 9, 1], [3, 5, 1], [3, 6, 1], [3, 7, 1], [3, 12, 1], [4, 5, 1], [4, 8, 1], [4, 11, 1], [5, 7, 1], [5, 11, 1], [6, 10, 1], [6, 12, 1], [7, 11, 1], [7, 12, 1], [8, 11, 1], [10, 12, 1]], "-4779408358876551462": [[0, 2, 1], [0, 4, 1], [0, 8, 1], [0, 9, 1], [0, 10, 1], [0, 11, 1], [1, 5, 1], [1, 7, 1], [1, 10, 1], [2, 4, 1], [2, 5, 1], [2, 10, 1], [2, 12, 1], [3, 4, 1], [3, 11, 1], [4, 11, 1], [5, 6, 1], [5, 10, 1], [5, 12, 1], [6, 12, 1], [7, 9, 1], [7, 10, 1], [8, 9, 1], [8, 11, 1], [9, 10, 1]], "7031405102222536581": [[0, 2, 1], [0, 4, 1], [0, 10, 1], [0, 11, 1], [1, 4, 1], [1, 5, 1], [1, 12, 1], [2, 4, 1], [2, 7, 1], [2, 10, 1], [3, 6, 1], [3, 8, 1], [4, 7, 1], [4, 12, 1], [5, 12, 1], [6, 8, 1], [6, 9, 1], [7, 12, 1], [8, 9, 1], [8, 11, 1], [9, 10, 1], [9, 11, 1], [10, 11, 1]], "7906040016552462321": [[0, 2, 1], [0, 3, 1], [0, 6, 1], [0, 7, 1], [0, 9, 1], [1, 3, 1], [1, 4, 1], [1, 9, 1], [1, 10, 1], [2, 3, 1], [2, 5, 1], [2, 7, 1], [2, 8, 1], [3, 5, 1], [3, 9, 1], [3, 10, 1], [4, 10, 1], [5, 10, 1], [6, 9, 1], [7, 8, 1]], "-3015645667908162686": [[0, 6, 1], [0, 10, 1], [0, 12, 1], [1, 3, 1], [1, 4, 1], [1, 11, 1], [2, 5, 1], [2, 9, 1], [2, 11, 1], [3, 4, 1], [3, 5, 1], [3, 6, 1], [3, 11, 1], [3, 12, 1], [4, 6, 1], [4, 8, 1], [5, 7, 1], [5, 11, 1], [5, 12, 1], [6, 8, 1], [6, 10, 1], [6, 12, 1], [7, 12, 1], [8, 10, 1], [9, 11, 1]], "-3536783490703342909": [[0, 1, 1], [0, 4, 1], [0, 7, 1], [0, 9, 1], [1, 8, 1], [1, 9, 1], [2, 5, 1], [2, 6, 1], [2, 10, 1], [2, 11, 1], [3, 8, 1], [3, 9, 1], [4, 5, 1], [4, 7, 1], [4, 9, 1], [5, 7, 1], [5, 10, 1], [5, 11, 1], [6, 11, 1], [7, 11, 1], [8, 9, 1]], "-3179442172825254351": [[0, 1, 1], [0, 4, 1], [0, 7, 1], [0, 10, 1], [1, 6, 1], [1, 9, 1], [1, 10, 1], [2, 4, 1], [2, 5, 1], [2, 8, 1], [2, 11, 1], [3, 5, 1], [3, 11, 1], [3, 12, 1], [4, 5, 1], [4, 7, 1], [4, 10, 1], [5, 7, 1], [5, 11, 1], [5, 12, 1], [6, 9, 1], [7, 12, 1], [8, 11, 1], [9, 10, 1]], "-3327375521339627764": [[0, 1, 1], [0, 2, 1], [0, 4, 1], [0, 10, 1], [1, 2, 1], [1, 4, 1], [1, 5, 1], [2, 5, 1], [2, 11, 1], [3, 6, 1], [3, 7, 1], [3, 8, 1], [3, 12, 1], [4, 8, 1], [4, 10, 1], [5, 11, 1], [6, 8, 1], [6, 10, 1], [7, 9, 1], [7, 12, 1], [8, 10, 1], [8, 12, 1], [9, 12, 1]], "160107601209668239": [[0, 4, 1], [0, 7, 1], [0, 8, 1], [0, 12, 1], [1, 2, 1], [1, 4, 1], [1, 5, 1], [1, 8, 1], [1, 11, 1], [2, 5, 1], [2, 10, 1], [3, 6, 1], [3, 7, 1], [3, 12, 1], [4, 7, 1], [4, 8, 1], [5, 10, 1], [5, 11, 1], [6, 9, 1], [6, 12, 1], [7, 12, 1], [8, 11, 1], [9, 12, 1]], "-527183203439222076": [[0, 1, 1], [0, 8, 1], [0, 12, 1], [1, 12, 1], [2, 4, 1], [2, 10, 1], [2, 11, 1], [3, 6, 1], [3, 7, 1], [3, 9, 1], [3, 11, 1], [4, 7, 1], [4, 11, 1], [4, 12, 1], [5, 6, 1], [5, 9, 1], [6, 7, 1], [6, 8, 1], [6, 9, 1], [7, 8, 1], [7, 11, 1], [7, 12, 1], [8, 12, 1], [10, 11, 1]], "5910712524572256383": [[0, 2, 1], [0, 4, 1], [0, 9, 1], [0, 10, 1], [1, 8, 1], [1, 10, 1], [2, 4, 1], [2, 5, 1], [2, 7, 1], [2, 9, 1], [3, 4, 1], [3, 8, 1], [3, 10, 1], [3, 11, 1], [4, 10, 1], [5, 6, 1], [5, 7, 1], [5, 9, 1], [6, 7, 1], [8, 10, 1], [8, 11, 1]], "-4426510729721261495": [[0, 1, 1], [0, 3, 1], [0, 5, 1], [0, 8, 1], [0, 9, 1], [1, 6, 1], [1, 8, 1], [2, 4, 1], [2, 10, 1], [2, 11, 1], [3, 8, 1], [3, 9, 1], [4, 7, 1], [4, 11, 1], [4, 12, 1], [5, 7, 1], [5, 9, 1], [6, 8, 1], [7, 9, 1], [7, 11, 1], [7, 12, 1], [9, 12, 1], [10, 11, 1]], "-3534420788369454273": [[0, 3, 1], [0, 6, 1], [1, 4, 1], [1, 9, 1], [1, 10, 1], [1, 11, 1], [2, 6, 1], [2, 9, 1], [2, 10, 1], [3, 6, 1], [3, 8, 1], [4, 5, 1], [4, 11, 1], [4, 12, 1], [5, 7, 1], [5, 11, 1], [5, 12, 1], [6, 8, 1], [6, 10, 1], [7, 12, 1], [8, 10, 1], [8, 11, 1], [9, 10, 1], [10, 11, 1]], "1430889044795538176": [[0, 2, 1], [0, 7, 1], [0, 8, 1], [1, 3, 1], [1, 4, 1], [1, 8, 1], [1, 9, 1], [1, 10, 1], [1, 11, 1], [2, 7, 1], [2, 8, 1], [2, 9, 1], [3, 4, 1], [3, 5, 1], [3, 10, 1], [3, 12, 1], [4, 11, 1], [5, 6, 1], [5, 10, 1], [5, 12, 1], [6, 12, 1], [8, 9, 1], [8, 11, 1], [9, 10, 1]], "6448292401738887028": [[0, 1, 1], [0, 3, 1], [0, 10, 1], [0, 12, 1], [1, 3, 1], [1, 9, 1], [1, 12, 1], [2, 5, 1], [2, 7, 1], [2, 11, 1], [3, 9, 1], [4, 6, 1], [4, 8, 1], [4, 11, 1], [5, 7, 1], [5, 8, 1], [5, 11, 1], [5, 12, 1], [6, 8, 1], [6, 10, 1], [8, 10, 1], [8, 11, 1], [8, 12, 1], [10, 12, 1]], "-2772348206063692584": [[0, 2, 1], [0, 8, 1], [0, 12, 1], [1, 9, 1], [1, 10, 1], [2, 7, 1], [2, 10, 1], [2, 12, 1], [3, 4, 1], [3, 5, 1], [3, 11, 1], [4, 5, 1], [4, 6, 1], [4, 7, 1], [4, 11, 1], [4, 12, 1], [5, 7, 1], [5, 9, 1], [6, 8, 1], [6, 11, 1], [6, 12, 1], [7, 9, 1], [7, 10, 1], [7, 12, 1], [8, 12, 1], [9, 10, 1]], "8003561133959595642": [[0, 4, 1], [0, 7, 1], [1, 3, 1], [1, 5, 1], [1, 8, 1], [1, 10, 1], [1, 11, 1], [2, 8, 1], [2, 9, 1], [2, 11, 1], [3, 5, 1], [3, 6, 1], [3, 10, 1], [3, 12, 1], [4, 6, 1], [4, 7, 1], [5, 11, 1], [6, 7, 1], [6, 10, 1], [6, 12, 1], [7, 12, 1], [8, 11, 1], [9, 11, 1]], "4377636847385615117": [[0, 5, 1], [0, 8, 1], [0, 11, 1], [1, 3, 1], [1, 7, 1], [1, 9, 1], [1, 10, 1], [2, 7, 1], [2, 9, 1], [3, 4, 1], [3, 5, 1], [3, 10, 1], [3, 11, 1], [4, 6, 1], [4, 10, 1], [4, 11, 1], [5, 8, 1], [5, 11, 1], [6, 11, 1], [7, 9, 1], [9, 10, 1]], "6202896804389607747": [[0, 2, 1], [0, 8, 1], [0, 12, 1], [1, 3, 1], [1, 7, 1], [2, 12, 1], [3, 7, 1], [3, 9, 1], [3, 10, 1], [4, 6, 1], [4, 9, 1], [4, 10, 1], [4, 11, 1], [5, 6, 1], [5, 11, 1], [5, 12, 1], [6, 8, 1], [6, 11, 1], [6, 12, 1], [7, 9, 1], [8, 12, 1], [9, 10, 1], [9, 11, 1]], "8431473194779155288": [[0, 2, 1], [0, 6, 1], [1, 4, 1], [1, 9, 1], [1, 11, 1], [2, 6, 1], [2, 8, 1], [2, 10, 1], [3, 5, 1], [3, 8, 1], [3, 10, 1], [3, 11, 1], [4, 5, 1], [4, 11, 1], [4, 12, 1], [5, 7, 1], [5, 11, 1], [5, 12, 1], [6, 8, 1], [6, 9, 1], [7, 12, 1], [8, 9, 1], [8, 10, 1], [8, 11, 1], [9, 11, 1]], "-7467304976938249590": [[0, 1, 1], [0, 5, 1], [1, 5, 1], [1, 7, 1], [1, 9, 1], [2, 4, 1], [2, 7, 1], [2, 9, 1], [2, 10, 1], [3, 4, 1], [3, 10, 1], [3, 11, 1], [4, 6, 1], [4, 10, 1], [4, 11, 1], [5, 7, 1], [5, 8, 1], [6, 11, 1], [7, 8, 1], [7, 9, 1], [7, 10, 1], [8, 10, 1]], "8132739410031710564": [[0, 1, 1], [0, 3, 1], [0, 8, 1], [0, 9, 1], [0, 10, 1], [1, 3, 1], [1, 4, 1], [1, 9, 1], [1, 11, 1], [2, 3, 1], [2, 5, 1], [2, 7, 1], [2, 10, 1], [3, 7, 1], [3, 10, 1], [4, 6, 1], [4, 9, 1], [4, 11, 1], [5, 7, 1], [6, 11, 1], [8, 10, 1]], "5834497212625365686": [[0, 2, 1], [0, 6, 1], [1, 4, 1], [1, 9, 1], [1, 11, 1], [2, 6, 1], [2, 9, 1], [3, 6, 1], [3, 8, 1], [3, 10, 1], [4, 5, 1], [4, 11, 1], [4, 12, 1], [5, 7, 1], [5, 11, 1], [5, 12, 1], [6, 8, 1], [6, 9, 1], [7, 12, 1], [8, 9, 1], [8, 10, 1], [8, 11, 1], [9, 11, 1]], "-6175850446018820941": [[0, 2, 1], [0, 5, 1], [0, 11, 1], [1, 4, 1], [1, 6, 1], [1, 9, 1], [1, 11, 1], [2, 5, 1], [2, 6, 1], [2, 11, 1], [2, 12, 1], [3, 8, 1], [3, 9, 1], [3, 10, 1], [4, 6, 1], [4, 7, 1], [4, 9, 1], [4, 10, 1], [6, 7, 1], [6, 11, 1], [6, 12, 1], [7, 12, 1], [8, 10, 1], [9, 10, 1]], "-1613823805678024243": [[0, 2, 1], [0, 8, 1], [0, 10, 1], [1, 3, 1], [1, 4, 1], [1, 6, 1], [1, 7, 1], [1, 9, 1], [1, 10, 1], [2, 4, 1], [2, 10, 1], [2, 11, 1], [3, 4, 1], [3, 5, 1], [3, 7, 1], [4, 5, 1], [4, 10, 1], [4, 11, 1], [5, 11, 1], [6, 8, 1], [6, 9, 1], [6, 10, 1], [7, 9, 1], [8, 10, 1]], "4635678475811510258": [[0, 8, 1], [0, 9, 1], [1, 4, 1], [1, 8, 1], [1, 9, 1], [1, 10, 1], [2, 3, 1], [2, 4, 1], [2, 5, 1], [2, 10, 1], [2, 11, 1], [3, 5, 1], [3, 7, 1], [4, 6, 1], [4, 10, 1], [4, 11, 1], [5, 7, 1], [5, 11, 1], [6, 11, 1], [8, 9, 1], [8, 10, 1]], "-6937399343581246130": [[0, 2, 1], [0, 6, 1], [1, 3, 1], [1, 9, 1], [1, 10, 1], [2, 6, 1], [2, 8, 1], [3, 4, 1], [3, 5, 1], [3, 10, 1], [3, 11, 1], [4, 7, 1], [4, 10, 1], [4, 11, 1], [5, 11, 1], [6, 8, 1], [6, 9, 1], [7, 11, 1], [8, 9, 1], [8, 10, 1], [9, 10, 1]], "-2539561733955546138": [[0, 2, 1], [0, 8, 1], [1, 3, 1], [1, 8, 1], [1, 9, 1], [1, 10, 1], [1, 11, 1], [2, 8, 1], [2, 11, 1], [3, 6, 1], [3, 10, 1], [3, 12, 1], [4, 5, 1], [4, 6, 1], [4, 10, 1], [5, 6, 1], [5, 7, 1], [6, 7, 1], [6, 10, 1], [6, 12, 1], [7, 12, 1], [8, 9, 1], [8, 11, 1], [9, 10, 1]], "633742597421912573": [[0, 1, 1], [0, 3, 1], [0, 8, 1], [0, 9, 1], [0, 12, 1], [1, 3, 1], [1, 12, 1], [2, 4, 1], [2, 5, 1], [2, 6, 1], [3, 9, 1], [3, 10, 1], [3, 11, 1], [4, 5, 1], [4, 7, 1], [5, 6, 1], [5, 7, 1], [5, 12, 1], [7, 8, 1], [7, 12, 1], [8, 12, 1], [9, 11, 1], [10, 11, 1]], "-202448873189834002": [[0, 1, 1], [0, 3, 1], [0, 4, 1], [0, 8, 1], [0, 12, 1], [1, 4, 1], [1, 12, 1], [2, 5, 1], [2, 8, 1], [2, 9, 1], [2, 10, 1], [3, 8, 1], [3, 9, 1], [4, 8, 1], [5, 6, 1], [5, 10, 1], [5, 11, 1], [6, 7, 1], [6, 10, 1], [6, 11, 1], [7, 11, 1], [8, 9, 1], [9, 10, 1]], "4151629617521129319": [[0, 1, 1], [0, 7, 1], [0, 12, 1], [1, 6, 1], [1, 10, 1], [1, 12, 1], [2, 5, 1], [2, 9, 1], [2, 11, 1], [3, 4, 1], [3, 5, 1], [3, 6, 1], [3, 11, 1], [3, 12, 1], [4, 6, 1], [4, 8, 1], [5, 7, 1], [5, 11, 1], [5, 12, 1], [6, 8, 1], [6, 10, 1], [6, 12, 1], [7, 12, 1], [8, 10, 1], [9, 11, 1]], "-8835501001991296579": [[0, 1, 1], [0, 2, 1], [0, 9, 1], [0, 12, 1], [1, 2, 1], [1, 7, 1], [1, 8, 1], [1, 10, 1], [1, 12, 1], [2, 8, 1], [3, 5, 1], [3, 6, 1], [3, 11, 1], [4, 6, 1], [4, 7, 1], [4, 11, 1], [4, 12, 1], [5, 6, 1], [5, 9, 1], [6, 9, 1], [6, 11, 1], [6, 12, 1], [7, 10, 1], [7, 12, 1], [8, 10, 1], [9, 12, 1]], "-7435049402093055792": [[0, 1, 1], [0, 3, 1], [0, 8, 1], [0, 12, 1], [1, 3, 1], [1, 7, 1], [1, 10, 1], [1, 12, 1], [2, 7, 1], [2, 10, 1], [3, 7, 1], [4, 6, 1], [4, 9, 1], [4, 11, 1], [5, 6, 1], [5, 11, 1], [5, 12, 1], [6, 8, 1], [6, 11, 1], [6, 12, 1], [7, 10, 1], [8, 12, 1], [9, 11, 1]], "1162215724323792178": [[0, 3, 1], [0, 7, 1], [0, 9, 1], [0, 10, 1], [0, 11, 1], [1, 3, 1], [1, 11, 1], [1, 12, 1], [2, 4, 1], [2, 6, 1], [3, 5, 1], [3, 11, 1], [3, 12, 1], [4, 6, 1], [4, 8, 1], [5, 12, 1], [6, 8, 1], [6, 10, 1], [7, 10, 1], [7, 11, 1], [8, 9, 1], [8, 10, 1], [9, 10, 1]], "-4369195153112423905": [[0, 1, 1], [0, 5, 1], [0, 12, 1], [1, 5, 1], [1, 7, 1], [1, 12, 1], [2, 4, 1], [2, 6, 1], [2, 8, 1], [2, 11, 1], [3, 4, 1], [3, 7, 1], [3, 10, 1], [3, 12, 1], [4, 6, 1], [4, 10, 1], [6, 10, 1], [6, 11, 1], [7, 10, 1], [7, 12, 1], [8, 9, 1], [8, 11, 1], [9, 11, 1]], "4263599428483386171": [[0, 1, 1], [0, 7, 1], [0, 11, 1], [1, 6, 1], [1, 11, 1], [2, 4, 1], [2, 9, 1], [2, 10, 1], [3, 5, 1], [3, 8, 1], [3, 10, 1], [4, 5, 1], [4, 6, 1], [4, 10, 1], [4, 11, 1], [5, 7, 1], [5, 10, 1], [5, 11, 1], [6, 11, 1], [7, 11, 1], [8, 9, 1], [8, 10, 1], [9, 10, 1]], "-6261350322568990772": [[0, 1, 1], [0, 3, 1], [0, 9, 1], [0, 10, 1], [1, 3, 1], [1, 4, 1], [1, 5, 1], [1, 7, 1], [1, 9, 1], [2, 3, 1], [2, 8, 1], [2, 10, 1], [2, 11, 1], [3, 5, 1], [3, 10, 1], [4, 6, 1], [4, 7, 1], [4, 9, 1], [5, 7, 1], [6, 7, 1], [8, 10, 1], [8, 11, 1]], "-6653512594977629150": [[0, 1, 1], [0, 3, 1], [0, 9, 1], [0, 10, 1], [1, 3, 1], [1, 4, 1], [1, 5, 1], [1, 9, 1], [1, 11, 1], [2, 3, 1], [2, 6, 1], [2, 8, 1], [2, 10, 1], [3, 5, 1], [3, 8, 1], [3, 10, 1], [4, 7, 1], [4, 9, 1], [4, 11, 1], [5, 8, 1], [5, 11, 1], [6, 8, 1], [7, 11, 1]], "3808602313016751919": [[0, 1, 1], [0, 5, 1], [0, 12, 1], [1, 12, 1], [2, 4, 1], [2, 7, 1], [2, 9, 1], [2, 10, 1], [2, 11, 1], [3, 4, 1], [3, 11, 1], [3, 12, 1], [4, 5, 1], [4, 11, 1], [4, 12, 1], [5, 12, 1], [6, 8, 1], [6, 10, 1], [7, 10, 1], [7, 11, 1], [8, 9, 1], [8, 10, 1], [9, 10, 1]], "1026842507603799003": [[0, 5, 1], [0, 7, 1], [0, 9, 1], [1, 3, 1], [1, 7, 1], [1, 9, 1], [1, 10, 1], [2, 3, 1], [2, 4, 1], [2, 10, 1], [2, 11, 1], [3, 6, 1], [3, 10, 1], [3, 11, 1], [4, 11, 1], [5, 7, 1], [5, 8, 1], [6, 11, 1], [7, 8, 1], [7, 9, 1], [7, 10, 1], [8, 10, 1]], "6653593905516822004": [[0, 1, 1], [0, 6, 1], [0, 11, 1], [1, 11, 1], [2, 4, 1], [2, 5, 1], [2, 7, 1], [2, 8, 1], [2, 10, 1], [3, 5, 1], [3, 10, 1], [3, 11, 1], [4, 5, 1], [4, 6, 1], [4, 8, 1], [4, 9, 1], [5, 6, 1], [5, 10, 1], [5, 11, 1], [6, 11, 1], [7, 10, 1], [8, 9, 1]], "8000842082145832741": [[0, 3, 1], [0, 4, 1], [0, 8, 1], [0, 9, 1], [0, 10, 1], [1, 8, 1], [1, 9, 1], [2, 5, 1], [2, 7, 1], [2, 10, 1], [3, 4, 1], [3, 5, 1], [3, 10, 1], [3, 11, 1], [5, 6, 1], [5, 10, 1], [5, 11, 1], [6, 11, 1], [7, 9, 1], [7, 10, 1], [8, 9, 1], [9, 10, 1]], "-4334626965035049282": [[0, 4, 1], [0, 6, 1], [1, 4, 1], [1, 5, 1], [1, 7, 1], [1, 9, 1], [1, 10, 1], [1, 11, 1], [2, 5, 1], [2, 11, 1], [2, 12, 1], [3, 8, 1], [3, 9, 1], [4, 5, 1], [4, 6, 1], [4, 9, 1], [5, 6, 1], [5, 11, 1], [5, 12, 1], [6, 12, 1], [7, 10, 1], [7, 11, 1], [8, 9, 1], [8, 10, 1], [9, 10, 1]], "-5232818206729352524": [[0, 6, 1], [0, 9, 1], [1, 2, 1], [1, 4, 1], [1, 9, 1], [1, 12, 1], [2, 4, 1], [2, 8, 1], [2, 12, 1], [3, 5, 1], [3, 10, 1], [3, 11, 1], [4, 8, 1], [5, 7, 1], [5, 11, 1], [5, 12, 1], [6, 7, 1], [6, 9, 1], [7, 9, 1], [7, 11, 1], [7, 12, 1], [9, 12, 1], [10, 11, 1]], "-5489032238042724530": [[0, 1, 1], [0, 4, 1], [0, 6, 1], [0, 8, 1], [1, 8, 1], [1, 9, 1], [1, 10, 1], [2, 5, 1], [2, 9, 1], [2, 10, 1], [2, 11, 1], [3, 5, 1], [3, 11, 1], [3, 12, 1], [4, 6, 1], [4, 8, 1], [5, 7, 1], [5, 11, 1], [5, 12, 1], [7, 12, 1], [8, 10, 1], [9, 10, 1], [9, 11, 1]], "6411436650135023576": [[0, 1, 1], [0, 3, 1], [0, 7, 1], [1, 4, 1], [1, 7, 1], [2, 5, 1], [2, 10, 1], [2, 11, 1], [3, 7, 1], [3, 10, 1], [4, 7, 1], [4, 9, 1], [5, 6, 1], [5, 11, 1], [5, 12, 1], [6, 8, 1], [6, 11, 1], [6, 12, 1], [7, 9, 1], [7, 10, 1], [8, 12, 1], [9, 10, 1], [9, 11, 1], [10, 11, 1]], "2867547152786405755": [[0, 2, 1], [0, 6, 1], [0, 8, 1], [0, 10, 1], [1, 3, 1], [1, 8, 1], [1, 12, 1], [2, 10, 1], [3, 12, 1], [4, 6, 1], [4, 7, 1], [4, 9, 1], [4, 11, 1], [5, 7, 1], [5, 11, 1], [5, 12, 1], [6, 7, 1], [6, 8, 1], [6, 10, 1], [7, 8, 1], [7, 11, 1], [7, 12, 1], [8, 12, 1], [9, 11, 1]], "8638502324530659824": [[0, 2, 1], [0, 7, 1], [0, 12, 1], [1, 8, 1], [1, 9, 1], [2, 6, 1], [2, 9, 1], [2, 12, 1], [3, 4, 1], [3, 10, 1], [3, 11, 1], [4, 5, 1], [4, 6, 1], [4, 11, 1], [4, 12, 1], [5, 7, 1], [5, 11, 1], [5, 12, 1], [6, 8, 1], [6, 9, 1], [6, 12, 1], [7, 12, 1], [8, 9, 1], [10, 11, 1]], "-9081290330347603551": [[0, 2, 1], [0, 6, 1], [0, 7, 1], [0, 9, 1], [0, 10, 1], [1, 2, 1], [1, 3, 1], [1, 10, 1], [1, 11, 1], [2, 5, 1], [2, 10, 1], [2, 11, 1], [3, 11, 1], [4, 6, 1], [4, 8, 1], [5, 11, 1], [6, 8, 1], [6, 9, 1], [6, 10, 1], [7, 9, 1], [8, 10, 1]], "7151859508317257911": [[0, 2, 1], [0, 4, 1], [0, 10, 1], [1, 3, 1], [1, 5, 1], [1, 7, 1], [1, 9, 1], [1, 10, 1], [2, 4, 1], [2, 5, 1], [2, 10, 1], [2, 11, 1], [3, 5, 1], [3, 6, 1], [3, 7, 1], [3, 8, 1], [5, 6, 1], [5, 10, 1], [5, 11, 1], [6, 11, 1], [7, 8, 1], [7, 9, 1]], "5347837937050737754": [[0, 2, 1], [0, 8, 1], [0, 12, 1], [1, 3, 1], [1, 4, 1], [1, 9, 1], [1, 10, 1], [2, 7, 1], [2, 10, 1], [2, 12, 1], [3, 4, 1], [3, 10, 1], [5, 6, 1], [5, 7, 1], [5, 11, 1], [5, 12, 1], [6, 8, 1], [6, 11, 1], [6, 12, 1], [7, 9, 1], [7, 10, 1], [7, 12, 1], [8, 12, 1], [9, 10, 1]], "7407616754753183106": [[0, 2, 1], [0, 3, 1], [0, 9, 1], [0, 11, 1], [1, 4, 1], [1, 7, 1], [1, 8, 1], [1, 10, 1], [1, 11, 1], [2, 3, 1], [2, 4, 1], [2, 11, 1], [2, 12, 1], [4, 6, 1], [4, 11, 1], [4, 12, 1], [5, 7, 1], [5, 9, 1], [6, 12, 1], [7, 9, 1], [7, 10, 1], [7, 11, 1], [8, 10, 1], [9, 11, 1]], "-4565719916706259169": [[0, 1, 1], [0, 7, 1], [0, 12, 1], [1, 12, 1], [2, 4, 1], [2, 9, 1], [2, 11, 1], [3, 6, 1], [3, 8, 1], [3, 10, 1], [4, 5, 1], [4, 11, 1], [4, 12, 1], [5, 7, 1], [5, 11, 1], [5, 12, 1], [6, 8, 1], [6, 9, 1], [7, 12, 1], [8, 9, 1], [8, 10, 1], [8, 11, 1], [9, 11, 1]], "-3782346041691475549": [[0, 1, 1], [0, 3, 1], [0, 7, 1], [0, 8, 1], [0, 11, 1], [1, 3, 1], [1, 11, 1], [2, 4, 1], [2, 5, 1], [2, 9, 1], [2, 10, 1], [3, 8, 1], [4, 5, 1], [4, 6, 1], [4, 10, 1], [4, 11, 1], [6, 7, 1], [6, 10, 1], [6, 11, 1], [7, 11, 1], [9, 10, 1]], "2915635769687340431": [[0, 4, 1], [0, 6, 1], [1, 3, 1], [1, 7, 1], [1, 9, 1], [1, 10, 1], [1, 11, 1], [2, 7, 1], [2, 8, 1], [2, 11, 1], [3, 5, 1], [3, 10, 1], [3, 12, 1], [4, 5, 1], [4, 6, 1], [5, 6, 1], [5, 10, 1], [5, 12, 1], [6, 12, 1], [7, 9, 1], [7, 11, 1], [8, 11, 1], [9, 10, 1]], "-7295237308224851078": [[0, 1, 1], [0, 3, 1], [0, 8, 1], [0, 9, 1], [0, 10, 1], [1, 3, 1], [1, 4, 1], [1, 9, 1], [1, 11, 1], [2, 3, 1], [2, 10, 1], [3, 10, 1], [4, 6, 1], [4, 9, 1], [4, 11, 1], [5, 7, 1], [5, 8, 1], [6, 11, 1], [7, 8, 1], [7, 9, 1], [8, 9, 1]], "2467944781603947692": [[0, 1, 1], [0, 9, 1], [0, 12, 1], [1, 8, 1], [1, 10, 1], [1, 12, 1], [2, 4, 1], [2, 6, 1], [2, 11, 1], [3, 5, 1], [3, 7, 1], [3, 11, 1], [4, 6, 1], [4, 7, 1], [4, 8, 1], [4, 11, 1], [4, 12, 1], [5, 7, 1], [5, 9, 1], [6, 8, 1], [7, 9, 1], [7, 11, 1], [7, 12, 1], [8, 10, 1], [8, 12, 1], [9, 12, 1]], "-3338953900610999940": [[0, 2, 1], [0, 8, 1], [0, 9, 1], [1, 3, 1], [1, 7, 1], [1, 9, 1], [2, 3, 1], [2, 4, 1], [2, 9, 1], [2, 10, 1], [3, 6, 1], [3, 9, 1], [3, 10, 1], [4, 10, 1], [5, 7, 1], [5, 8, 1], [6, 10, 1], [7, 8, 1], [7, 9, 1], [8, 9, 1]], "5931731469661273310": [[0, 1, 1], [0, 3, 1], [0, 8, 1], [0, 12, 1], [1, 3, 1], [1, 7, 1], [1, 12, 1], [2, 5, 1], [2, 7, 1], [2, 10, 1], [3, 7, 1], [3, 9, 1], [4, 6, 1], [4, 11, 1], [4, 12, 1], [5, 10, 1], [6, 8, 1], [6, 11, 1], [6, 12, 1], [7, 9, 1], [7, 10, 1], [8, 12, 1], [9, 10, 1]], "-6309898170611502552": [[0, 6, 1], [0, 8, 1], [1, 3, 1], [1, 6, 1], [1, 7, 1], [1, 8, 1], [1, 9, 1], [2, 3, 1], [2, 4, 1], [2, 9, 1], [2, 10, 1], [3, 5, 1], [3, 9, 1], [3, 10, 1], [4, 10, 1], [5, 10, 1], [6, 8, 1], [6, 9, 1], [7, 8, 1]], "3125335104957777543": [[0, 1, 1], [0, 8, 1], [0, 12, 1], [1, 6, 1], [1, 9, 1], [1, 12, 1], [2, 4, 1], [2, 5, 1], [2, 7, 1], [2, 10, 1], [2, 11, 1], [3, 5, 1], [3, 6, 1], [3, 11, 1], [3, 12, 1], [4, 5, 1], [4, 7, 1], [4, 8, 1], [5, 8, 1], [5, 11, 1], [5, 12, 1], [6, 9, 1], [6, 12, 1], [7, 10, 1], [8, 12, 1]], "5601529566280685986": [[0, 2, 1], [0, 3, 1], [0, 7, 1], [0, 8, 1], [1, 4, 1], [1, 8, 1], [1, 9, 1], [1, 10, 1], [1, 11, 1], [2, 7, 1], [2, 8, 1], [2, 9, 1], [3, 8, 1], [3, 11, 1], [4, 5, 1], [4, 10, 1], [4, 12, 1], [5, 6, 1], [5, 10, 1], [5, 12, 1], [6, 12, 1], [8, 9, 1], [8, 11, 1], [9, 10, 1]], "-6907686581477259314": [[0, 1, 1], [0, 2, 1], [0, 7, 1], [0, 8, 1], [1, 2, 1], [1, 3, 1], [1, 4, 1], [1, 8, 1], [1, 9, 1], [2, 4, 1], [2, 6, 1], [3, 5, 1], [3, 8, 1], [3, 9, 1], [4, 6, 1], [4, 9, 1], [5, 9, 1], [7, 8, 1]]}