{"8592603016025674746": [[0, 2, 1], [0, 3, 1], [0, 5, 1], [0, 7, 1], [1, 3, 1], [1, 7, 1], [1, 8, 1], [2, 3, 1], [2, 4, 1], [2, 5, 1], [2, 6, 1], [3, 4, 1], [3, 7, 1], [3, 8, 1], [4, 8, 1], [5, 6, 1]], "3415725060480053529": [[0, 1, 1], [0, 3, 1], [0, 6, 1], [0, 7, 1], [1, 3, 1], [1, 4, 1], [1, 6, 1], [1, 8, 1], [2, 3, 1], [2, 7, 1], [3, 7, 1], [4, 5, 1], [4, 6, 1], [4, 8, 1], [5, 8, 1]], "-8011190071478996181": [[0, 1, 1], [0, 2, 1], [0, 5, 1], [0, 8, 1], [1, 2, 1], [1, 4, 1], [1, 8, 1], [2, 4, 1], [2, 6, 1], [3, 5, 1], [3, 8, 1], [4, 6, 1], [4, 7, 1], [5, 8, 1], [6, 7, 1]], "7775289666600583860": [[0, 2, 1], [0, 5, 1], [0, 6, 1], [1, 2, 1], [1, 3, 1], [1, 6, 1], [1, 7, 1], [2, 4, 1], [2, 6, 1], [2, 7, 1], [3, 7, 1], [4, 7, 1], [5, 6, 1]], "5206222151559591321": [[0, 5, 1], [0, 7, 1], [0, 8, 1], [1, 3, 1], [1, 4, 1], [2, 4, 1], [2, 5, 1], [2, 8, 1], [3, 4, 1], [3, 6, 1], [4, 6, 1], [4, 8, 1], [5, 7, 1], [5, 8, 1], [6, 8, 1]], "632299609650593078": [[0, 1, 1], [0, 5, 1], [0, 8, 1], [1, 4, 1], [1, 6, 1], [1, 8, 1], [2, 3, 1], [2, 4, 1], [2, 7, 1], [2, 8, 1], [3, 5, 1], [3, 7, 1], [3, 8, 1], [4, 6, 1], [4, 8, 1], [5, 8, 1]], "2812902106853258690": [[0, 2, 1], [0, 4, 1], [1, 3, 1], [1, 4, 1], [1, 5, 1], [1, 8, 1], [2, 4, 1], [2, 6, 1], [3, 5, 1], [3, 7, 1], [4, 6, 1], [4, 8, 1], [5, 7, 1], [5, 8, 1], [6, 8, 1]], "-6311658976442403797": [[0, 4, 1], [0, 6, 1], [1, 2, 1], [1, 6, 1], [1, 8, 1], [2, 8, 1], [3, 5, 1], [3, 7, 1], [3, 8, 1], [4, 5, 1], [4, 6, 1], [5, 6, 1], [5, 7, 1], [5, 8, 1], [6, 8, 1]], "7871729848613530872": [[0, 2, 1], [0, 4, 1], [0, 5, 1], [0, 6, 1], [0, 7, 1], [1, 2, 1], [1, 7, 1], [1, 8, 1], [2, 3, 1], [2, 7, 1], [2, 8, 1], [3, 8, 1], [4, 6, 1], [4, 7, 1], [5, 6, 1]], "8989385121891540755": [[0, 2, 1], [0, 3, 1], [0, 5, 1], [0, 6, 1], [1, 3, 1], [1, 6, 1], [1, 7, 1], [2, 3, 1], [2, 4, 1], [3, 4, 1], [3, 6, 1], [3, 7, 1], [4, 7, 1], [5, 6, 1]]}