{"-2537853474654595375": [[0, 1, 1], [0, 6, 1], [1, 6, 1], [1, 8, 1], [1, 9, 1], [2, 3, 1], [2, 4, 1], [2, 5, 1], [2, 10, 1], [3, 5, 1], [3, 8, 1], [4, 7, 1], [4, 10, 1], [5, 8, 1], [5, 9, 1], [5, 10, 1], [6, 8, 1], [7, 10, 1], [8, 9, 1]], "-4241599528106610838": [[0, 2, 1], [0, 6, 1], [0, 10, 1], [1, 7, 1], [1, 8, 1], [2, 5, 1], [2, 8, 1], [2, 10, 1], [3, 4, 1], [3, 5, 1], [3, 9, 1], [3, 10, 1], [4, 6, 1], [4, 9, 1], [4, 10, 1], [5, 7, 1], [5, 8, 1], [5, 10, 1], [6, 10, 1], [7, 8, 1]], "8220099883650223635": [[0, 1, 1], [0, 7, 1], [0, 10, 1], [1, 10, 1], [2, 4, 1], [2, 5, 1], [2, 9, 1], [3, 6, 1], [3, 8, 1], [3, 9, 1], [4, 5, 1], [4, 6, 1], [4, 9, 1], [4, 10, 1], [6, 7, 1], [6, 9, 1], [6, 10, 1], [7, 10, 1], [8, 9, 1]], "4577295200121932810": [[0, 4, 1], [0, 6, 1], [0, 9, 1], [1, 2, 1], [1, 7, 1], [1, 8, 1], [2, 3, 1], [2, 4, 1], [2, 8, 1], [2, 9, 1], [3, 5, 1], [3, 8, 1], [3, 9, 1], [4, 6, 1], [4, 9, 1], [5, 9, 1], [7, 8, 1]], "4754891046374138329": [[0, 1, 1], [0, 6, 1], [0, 10, 1], [1, 10, 1], [2, 3, 1], [2, 4, 1], [2, 7, 1], [2, 8, 1], [2, 9, 1], [3, 4, 1], [3, 5, 1], [3, 8, 1], [3, 10, 1], [4, 9, 1], [5, 6, 1], [5, 8, 1], [5, 10, 1], [6, 10, 1], [7, 9, 1]], "-3583977298888393136": [[0, 3, 1], [0, 5, 1], [0, 7, 1], [0, 8, 1], [0, 9, 1], [1, 3, 1], [1, 9, 1], [1, 10, 1], [2, 6, 1], [2, 7, 1], [3, 4, 1], [3, 9, 1], [3, 10, 1], [4, 10, 1], [5, 8, 1], [5, 9, 1], [6, 7, 1], [6, 8, 1], [7, 8, 1]], "3355211753963977035": [[0, 1, 1], [0, 3, 1], [0, 8, 1], [0, 9, 1], [1, 3, 1], [1, 4, 1], [1, 5, 1], [1, 8, 1], [1, 10, 1], [2, 3, 1], [2, 7, 1], [2, 9, 1], [3, 5, 1], [3, 7, 1], [3, 9, 1], [4, 6, 1], [4, 8, 1], [4, 10, 1], [5, 7, 1], [5, 10, 1], [6, 10, 1]], "-7720831151411571106": [[0, 2, 1], [0, 6, 1], [0, 7, 1], [1, 3, 1], [1, 7, 1], [1, 8, 1], [1, 9, 1], [2, 6, 1], [2, 7, 1], [2, 8, 1], [3, 4, 1], [3, 9, 1], [3, 10, 1], [4, 5, 1], [4, 9, 1], [4, 10, 1], [5, 10, 1], [7, 8, 1], [8, 9, 1]], "-2044388155207226411": [[0, 5, 1], [0, 8, 1], [1, 2, 1], [1, 3, 1], [1, 8, 1], [1, 10, 1], [2, 3, 1], [2, 7, 1], [2, 10, 1], [3, 7, 1], [4, 6, 1], [4, 9, 1], [4, 10, 1], [5, 6, 1], [5, 8, 1], [6, 8, 1], [6, 9, 1], [6, 10, 1], [8, 10, 1]], "-8208605045906656665": [[0, 2, 1], [0, 6, 1], [1, 3, 1], [1, 6, 1], [1, 7, 1], [1, 8, 1], [1, 9, 1], [2, 6, 1], [2, 9, 1], [3, 4, 1], [3, 8, 1], [3, 10, 1], [4, 5, 1], [4, 8, 1], [4, 10, 1], [5, 10, 1], [6, 7, 1], [6, 9, 1], [7, 8, 1]], "-1035896959479756355": [[0, 1, 1], [0, 5, 1], [0, 10, 1], [1, 10, 1], [2, 3, 1], [2, 6, 1], [2, 7, 1], [2, 8, 1], [2, 9, 1], [3, 4, 1], [3, 8, 1], [3, 10, 1], [4, 5, 1], [4, 8, 1], [4, 10, 1], [5, 10, 1], [6, 7, 1], [6, 9, 1], [7, 8, 1]], "3685696833924606788": [[0, 1, 1], [0, 3, 1], [0, 9, 1], [1, 3, 1], [1, 4, 1], [1, 5, 1], [1, 9, 1], [1, 10, 1], [2, 3, 1], [2, 6, 1], [2, 8, 1], [3, 5, 1], [3, 8, 1], [4, 7, 1], [4, 9, 1], [4, 10, 1], [5, 8, 1], [5, 10, 1], [6, 8, 1], [7, 10, 1]], "-7134480928222720425": [[0, 2, 1], [0, 7, 1], [0, 9, 1], [1, 3, 1], [1, 4, 1], [1, 6, 1], [1, 8, 1], [1, 9, 1], [2, 4, 1], [2, 9, 1], [2, 10, 1], [3, 4, 1], [3, 5, 1], [3, 6, 1], [4, 5, 1], [4, 9, 1], [4, 10, 1], [5, 10, 1], [6, 8, 1], [7, 9, 1]], "6405566054392066584": [[0, 1, 1], [0, 5, 1], [0, 6, 1], [0, 7, 1], [0, 8, 1], [1, 2, 1], [1, 3, 1], [1, 7, 1], [1, 9, 1], [2, 4, 1], [2, 7, 1], [2, 9, 1], [3, 9, 1], [4, 9, 1], [5, 6, 1], [5, 8, 1], [6, 7, 1]], "-4277552782998460155": [[0, 2, 1], [0, 7, 1], [0, 8, 1], [1, 3, 1], [1, 6, 1], [1, 8, 1], [2, 3, 1], [2, 4, 1], [2, 8, 1], [2, 9, 1], [3, 5, 1], [3, 8, 1], [3, 9, 1], [4, 9, 1], [5, 9, 1], [6, 7, 1], [6, 8, 1], [7, 8, 1]], "8782988046510963411": [[0, 1, 1], [0, 2, 1], [0, 5, 1], [0, 6, 1], [0, 7, 1], [0, 8, 1], [1, 2, 1], [1, 3, 1], [1, 7, 1], [1, 9, 1], [2, 8, 1], [3, 4, 1], [3, 7, 1], [3, 9, 1], [4, 9, 1], [5, 6, 1], [5, 8, 1], [6, 7, 1]], "7906040016552462321": [[0, 4, 1], [0, 7, 1], [1, 2, 1], [1, 7, 1], [1, 10, 1], [2, 6, 1], [2, 8, 1], [2, 10, 1], [3, 5, 1], [3, 6, 1], [3, 9, 1], [3, 10, 1], [4, 5, 1], [4, 7, 1], [5, 7, 1], [5, 9, 1], [5, 10, 1], [6, 8, 1], [6, 10, 1], [7, 10, 1]], "-2739374413209348662": [[0, 5, 1], [0, 7, 1], [0, 9, 1], [1, 2, 1], [1, 3, 1], [1, 8, 1], [2, 3, 1], [2, 4, 1], [2, 5, 1], [2, 8, 1], [2, 9, 1], [3, 5, 1], [4, 6, 1], [4, 8, 1], [4, 9, 1], [5, 7, 1], [5, 9, 1], [6, 9, 1]], "-1541540709489481555": [[0, 2, 1], [0, 3, 1], [0, 6, 1], [0, 7, 1], [0, 8, 1], [1, 6, 1], [1, 7, 1], [2, 3, 1], [2, 4, 1], [2, 8, 1], [2, 9, 1], [4, 5, 1], [4, 8, 1], [4, 9, 1], [5, 9, 1], [6, 7, 1], [7, 8, 1]], "-7649415265414683415": [[0, 2, 1], [0, 3, 1], [0, 5, 1], [0, 6, 1], [0, 7, 1], [0, 8, 1], [1, 3, 1], [1, 8, 1], [1, 9, 1], [2, 3, 1], [2, 4, 1], [2, 6, 1], [3, 4, 1], [3, 8, 1], [3, 9, 1], [4, 9, 1], [5, 7, 1], [5, 8, 1], [6, 7, 1]], "7233574113121363607": [[0, 6, 1], [0, 7, 1], [1, 4, 1], [1, 7, 1], [1, 9, 1], [2, 3, 1], [2, 4, 1], [2, 8, 1], [2, 9, 1], [3, 5, 1], [3, 8, 1], [3, 9, 1], [4, 6, 1], [4, 7, 1], [4, 9, 1], [5, 9, 1], [6, 7, 1]], "-6704640607330876347": [[0, 2, 1], [0, 4, 1], [0, 7, 1], [0, 8, 1], [0, 9, 1], [1, 3, 1], [1, 5, 1], [1, 8, 1], [2, 4, 1], [2, 5, 1], [2, 8, 1], [2, 10, 1], [3, 5, 1], [3, 6, 1], [4, 9, 1], [5, 6, 1], [5, 8, 1], [5, 10, 1], [6, 10, 1], [7, 9, 1]], "-7587517565724590409": [[0, 3, 1], [0, 7, 1], [0, 9, 1], [1, 6, 1], [1, 8, 1], [2, 4, 1], [2, 6, 1], [2, 8, 1], [2, 9, 1], [3, 4, 1], [3, 9, 1], [3, 10, 1], [4, 5, 1], [4, 9, 1], [4, 10, 1], [5, 10, 1], [6, 7, 1], [6, 8, 1], [6, 9, 1], [7, 9, 1]], "7470994293041594493": [[0, 2, 1], [0, 3, 1], [0, 7, 1], [0, 8, 1], [0, 9, 1], [1, 3, 1], [1, 9, 1], [1, 10, 1], [2, 3, 1], [2, 4, 1], [2, 7, 1], [3, 4, 1], [3, 9, 1], [3, 10, 1], [4, 10, 1], [5, 6, 1], [5, 8, 1], [6, 7, 1], [6, 8, 1], [7, 8, 1]], "-6907686581477259314": [[0, 3, 1], [0, 6, 1], [1, 3, 1], [1, 4, 1], [1, 7, 1], [1, 8, 1], [2, 4, 1], [2, 5, 1], [2, 8, 1], [2, 9, 1], [3, 4, 1], [3, 6, 1], [4, 6, 1], [4, 8, 1], [4, 9, 1], [5, 9, 1], [6, 9, 1], [7, 8, 1]], "4681005726462087015": [[0, 2, 1], [0, 5, 1], [0, 7, 1], [0, 8, 1], [0, 9, 1], [1, 5, 1], [1, 6, 1], [1, 9, 1], [2, 3, 1], [2, 8, 1], [2, 10, 1], [3, 4, 1], [3, 8, 1], [3, 10, 1], [4, 10, 1], [5, 7, 1], [5, 9, 1], [6, 9, 1], [7, 8, 1]], "2042022740640018039": [[0, 6, 1], [0, 7, 1], [1, 3, 1], [1, 6, 1], [1, 7, 1], [1, 8, 1], [2, 3, 1], [2, 4, 1], [2, 8, 1], [2, 9, 1], [3, 5, 1], [3, 8, 1], [3, 9, 1], [4, 9, 1], [5, 9, 1], [6, 7, 1], [6, 8, 1]], "632299609650593078": [[0, 2, 1], [0, 3, 1], [0, 6, 1], [0, 7, 1], [1, 3, 1], [1, 4, 1], [1, 7, 1], [1, 8, 1], [2, 3, 1], [2, 5, 1], [3, 5, 1], [3, 7, 1], [3, 8, 1], [4, 8, 1], [5, 8, 1], [6, 7, 1]], "-5997935977029610418": [[0, 1, 1], [0, 3, 1], [0, 6, 1], [0, 8, 1], [1, 5, 1], [1, 7, 1], [1, 8, 1], [2, 4, 1], [2, 9, 1], [2, 10, 1], [3, 4, 1], [3, 6, 1], [3, 8, 1], [4, 6, 1], [4, 9, 1], [4, 10, 1], [5, 7, 1], [6, 10, 1], [7, 8, 1]], "2171022823323116602": [[0, 1, 1], [0, 6, 1], [0, 10, 1], [1, 10, 1], [2, 3, 1], [2, 8, 1], [2, 9, 1], [3, 4, 1], [3, 9, 1], [3, 10, 1], [4, 6, 1], [4, 9, 1], [4, 10, 1], [5, 7, 1], [5, 8, 1], [6, 10, 1], [7, 8, 1], [7, 9, 1], [8, 9, 1]], "-7653114418218584468": [[0, 1, 1], [0, 2, 1], [0, 6, 1], [0, 10, 1], [1, 2, 1], [1, 5, 1], [1, 10, 1], [2, 5, 1], [2, 7, 1], [3, 4, 1], [3, 9, 1], [3, 10, 1], [4, 6, 1], [4, 9, 1], [4, 10, 1], [5, 7, 1], [5, 8, 1], [6, 10, 1], [7, 8, 1]], "1789937028211651701": [[0, 5, 1], [0, 8, 1], [0, 10, 1], [1, 2, 1], [1, 3, 1], [1, 9, 1], [2, 3, 1], [2, 4, 1], [2, 5, 1], [2, 9, 1], [2, 10, 1], [3, 5, 1], [3, 7, 1], [4, 6, 1], [4, 9, 1], [4, 10, 1], [5, 7, 1], [5, 8, 1], [5, 10, 1], [6, 10, 1], [7, 8, 1]], "7830545379792287720": [[0, 1, 1], [0, 6, 1], [0, 10, 1], [1, 10, 1], [2, 4, 1], [2, 7, 1], [2, 9, 1], [3, 4, 1], [3, 9, 1], [3, 10, 1], [4, 6, 1], [4, 9, 1], [4, 10, 1], [5, 7, 1], [5, 8, 1], [6, 10, 1], [7, 8, 1], [7, 9, 1], [8, 9, 1]], "1180925587009411844": [[0, 4, 1], [0, 6, 1], [1, 3, 1], [1, 7, 1], [1, 8, 1], [2, 4, 1], [2, 5, 1], [2, 8, 1], [3, 5, 1], [3, 8, 1], [3, 9, 1], [4, 5, 1], [4, 6, 1], [5, 6, 1], [5, 8, 1], [5, 9, 1], [6, 9, 1], [7, 8, 1]], "-380280096017064384": [[0, 3, 1], [0, 6, 1], [1, 2, 1], [1, 8, 1], [1, 9, 1], [2, 4, 1], [2, 9, 1], [2, 10, 1], [3, 4, 1], [3, 6, 1], [4, 6, 1], [4, 9, 1], [4, 10, 1], [5, 7, 1], [5, 8, 1], [6, 10, 1], [7, 8, 1], [7, 9, 1], [8, 9, 1]], "-8149453190701938482": [[0, 1, 1], [0, 6, 1], [0, 10, 1], [1, 10, 1], [2, 4, 1], [2, 5, 1], [2, 7, 1], [2, 8, 1], [2, 9, 1], [3, 5, 1], [3, 9, 1], [3, 10, 1], [4, 5, 1], [4, 6, 1], [4, 7, 1], [5, 6, 1], [5, 9, 1], [5, 10, 1], [6, 10, 1], [7, 8, 1]]}